,NAME,DATE,NITRO,POT,PHOS
0,Arkansas,1964,,,
25,Arkansas,1965,,,
50,Arkansas,1966,,,
75,Arkansas,1967,,,
100,Arkansas,1968,,,
125,Arkansas,1969,,,
150,Arkansas,1970,,,
175,Arkansas,1971,,,
200,Arkansas,1972,,,
225,Arkansas,1973,,,
250,Arkansas,1974,,,
275,Arkansas,1975,,,
300,Arkansas,1976,,,
325,Arkansas,1977,,,
350,Arkansas,1978,,,
375,Arkansas,1979,,,
400,Arkansas,1980,,,
425,Arkansas,1981,,,
450,Arkansas,1982,,,
475,Arkansas,1983,,,
500,Arkansas,1984,,,
525,Arkansas,1985,72.0,52.0,25.0
550,Arkansas,1986,90.0,45.0,41.0
575,Arkansas,1987,93.0,50.0,33.0
600,Arkansas,1988,100.0,43.0,38.0
625,Arkansas,1989,97.0,54.0,38.0
650,Arkansas,1990,100.0,55.0,31.0
675,Arkansas,1991,100.0,53.0,36.0
700,Arkansas,1992,100.0,58.0,36.0
725,Arkansas,1993,,,
750,Arkansas,1994,,,
775,Arkansas,1995,,,
800,Arkansas,1996,,,
825,Arkansas,1997,,,
850,Arkansas,1998,,,
875,Arkansas,1999,,,
900,Arkansas,2000,92.0,48.426150121065376,28.0
925,Arkansas,2001,,,
950,Arkansas,2002,,,
975,Arkansas,2003,,,
1000,Arkansas,2004,,,
1025,Arkansas,2005,,,
1050,Arkansas,2006,,,
1075,Arkansas,2007,,,
1100,Arkansas,2008,,,
1125,Arkansas,2009,,,
1150,Arkansas,2010,,,
1175,Arkansas,2011,,,
1200,Arkansas,2012,,,
1225,Arkansas,2013,,,
1250,Arkansas,2014,,,
1275,Arkansas,2015,,,
1300,Arkansas,2016,,,
1325,Arkansas,2017,,,
1,California,1964,,,
26,California,1965,,,
51,California,1966,,,
76,California,1967,,,
101,California,1968,,,
126,California,1969,,,
151,California,1970,,,
176,California,1971,,,
201,California,1972,,,
226,California,1973,,,
251,California,1974,,,
276,California,1975,,,
301,California,1976,,,
326,California,1977,,,
351,California,1978,,,
376,California,1979,,,
401,California,1980,,,
426,California,1981,,,
451,California,1982,,,
476,California,1983,,,
501,California,1984,,,
526,California,1985,94.0,11.0,46.0
551,California,1986,91.0,10.0,54.0
576,California,1987,82.0,,17.0
601,California,1988,86.0,,27.0
626,California,1989,92.0,,36.0
651,California,1990,,,
676,California,1991,,,
701,California,1992,,,
726,California,1993,,,
751,California,1994,,,
776,California,1995,,,
801,California,1996,,,
826,California,1997,,,
851,California,1998,,,
876,California,1999,,,
901,California,2000,,,
926,California,2001,,,
951,California,2002,,,
976,California,2003,,,
1001,California,2004,,,
1026,California,2005,,,
1051,California,2006,,,
1076,California,2007,,,
1101,California,2008,,,
1126,California,2009,,,
1151,California,2010,,,
1176,California,2011,,,
1201,California,2012,,,
1226,California,2013,,,
1251,California,2014,,,
1276,California,2015,,,
1301,California,2016,,,
1326,California,2017,,,
2,Colorado,1964,9.0,,
27,Colorado,1965,7.0,12.0,4.0
52,Colorado,1966,1.0,,
77,Colorado,1967,8.0,,2.0
102,Colorado,1968,13.0,,1.0
127,Colorado,1969,13.0,,
152,Colorado,1970,6.0,,
177,Colorado,1971,6.0,,
202,Colorado,1972,10.0,,
227,Colorado,1973,9.0,10.0,4.5
252,Colorado,1974,8.0,,
277,Colorado,1975,16.0,,
302,Colorado,1976,18.0,3.0,4.0
327,Colorado,1977,9.0,,
352,Colorado,1978,11.0,,
377,Colorado,1979,10.0,,2.0
402,Colorado,1980,14.0,,2.0
427,Colorado,1981,25.0,23.0,4.0
452,Colorado,1982,35.0,,1.0
477,Colorado,1983,23.0,9.0,1.0
502,Colorado,1984,39.0,6.0,9.0
527,Colorado,1985,56.0,,8.0
552,Colorado,1986,64.0,10.0,11.0
577,Colorado,1987,66.0,,10.0
602,Colorado,1988,62.0,,13.0
627,Colorado,1989,64.0,,13.0
652,Colorado,1990,64.0,,18.0
677,Colorado,1991,54.0,,22.0
702,Colorado,1992,63.0,10.0,15.0
727,Colorado,1993,67.0,22.0,14.0
752,Colorado,1994,67.0,6.0,24.0
777,Colorado,1995,62.0,,23.0
802,Colorado,1996,77.0,,38.0
827,Colorado,1997,68.0,,39.0
852,Colorado,1998,78.0,6.363636363636363,33.0
877,Colorado,1999,,,
902,Colorado,2000,87.0,,14.0
927,Colorado,2001,,,
952,Colorado,2002,64.0,,31.0
977,Colorado,2003,,,
1002,Colorado,2004,59.0,25.0,31.0
1027,Colorado,2005,,,
1052,Colorado,2006,54.0,25.0,36.0
1077,Colorado,2007,,,
1102,Colorado,2008,,,
1127,Colorado,2009,54.0,,33.0
1152,Colorado,2010,,,
1177,Colorado,2011,,,
1202,Colorado,2012,72.0,18.0,40.0
1227,Colorado,2013,,,
1252,Colorado,2014,,,
1277,Colorado,2015,79.0,6.0,52.0
1302,Colorado,2016,,,
1327,Colorado,2017,63.0,,39.0
3,Georgia,1964,,,
28,Georgia,1965,,,
53,Georgia,1966,,,
78,Georgia,1967,,,
103,Georgia,1968,,,
128,Georgia,1969,,,
153,Georgia,1970,,,
178,Georgia,1971,,,
203,Georgia,1972,,,
228,Georgia,1973,,,
253,Georgia,1974,,,
278,Georgia,1975,,,
303,Georgia,1976,,,
328,Georgia,1977,,,
353,Georgia,1978,,,
378,Georgia,1979,,,
403,Georgia,1980,,,
428,Georgia,1981,,,
453,Georgia,1982,,,
478,Georgia,1983,,,
503,Georgia,1984,,,
528,Georgia,1985,,,
553,Georgia,1986,,,
578,Georgia,1987,,,
603,Georgia,1988,,,
628,Georgia,1989,,,
653,Georgia,1990,,,
678,Georgia,1991,,,
703,Georgia,1992,,,
728,Georgia,1993,,,
753,Georgia,1994,,,
778,Georgia,1995,,,
803,Georgia,1996,,,
828,Georgia,1997,,,
853,Georgia,1998,98.0,68.9655172413793,90.0
878,Georgia,1999,,,
903,Georgia,2000,,,
928,Georgia,2001,,,
953,Georgia,2002,,,
978,Georgia,2003,,,
1003,Georgia,2004,,,
1028,Georgia,2005,,,
1053,Georgia,2006,,,
1078,Georgia,2007,,,
1103,Georgia,2008,,,
1128,Georgia,2009,,,
1153,Georgia,2010,,,
1178,Georgia,2011,,,
1203,Georgia,2012,,,
1228,Georgia,2013,,,
1253,Georgia,2014,,,
1278,Georgia,2015,,,
1303,Georgia,2016,,,
1328,Georgia,2017,,,
4,Idaho,1964,46.0,,8.0
29,Idaho,1965,41.0,9.0,16.0
54,Idaho,1966,40.0,,7.0
79,Idaho,1967,48.0,7.0,7.0
104,Idaho,1968,42.0,,8.0
129,Idaho,1969,50.0,,13.0
154,Idaho,1970,56.0,11.0,19.0
179,Idaho,1971,59.0,,5.0
204,Idaho,1972,71.0,12.0,13.0
229,Idaho,1973,71.0,12.0,18.0
254,Idaho,1974,72.0,33.0,19.0
279,Idaho,1975,65.0,10.0,22.0
304,Idaho,1976,79.0,31.0,21.0
329,Idaho,1977,77.0,35.0,13.0
354,Idaho,1978,81.0,10.0,16.0
379,Idaho,1979,84.0,32.0,22.0
404,Idaho,1980,80.0,38.0,21.0
429,Idaho,1981,87.0,2.0,29.0
454,Idaho,1982,85.0,22.0,34.0
479,Idaho,1983,93.0,27.0,48.0
504,Idaho,1984,88.0,24.0,28.0
529,Idaho,1985,89.0,23.0,47.0
554,Idaho,1986,88.0,27.0,51.0
579,Idaho,1987,92.0,24.0,48.0
604,Idaho,1988,90.0,21.0,54.0
629,Idaho,1989,90.0,32.0,47.0
654,Idaho,1990,,,
679,Idaho,1991,78.0,21.0,51.0
704,Idaho,1992,91.0,28.0,51.0
729,Idaho,1993,95.0,19.0,62.0
754,Idaho,1994,91.0,40.0,57.0
779,Idaho,1995,94.0,17.0,69.0
804,Idaho,1996,97.0,38.75968992248062,48.0
829,Idaho,1997,98.0,44.932079414838036,62.0
854,Idaho,1998,96.60740740740741,27.235213204951858,73.28148148148148
879,Idaho,1999,,,
904,Idaho,2000,90.0,26.62721893491124,54.0
929,Idaho,2001,,,
954,Idaho,2002,,,
979,Idaho,2003,,,
1004,Idaho,2004,91.0,30.0,62.0
1029,Idaho,2005,,,
1054,Idaho,2006,94.0,22.0,62.0
1079,Idaho,2007,,,
1104,Idaho,2008,,,
1129,Idaho,2009,99.0,31.0,64.0
1154,Idaho,2010,,,
1179,Idaho,2011,,,
1204,Idaho,2012,,23.0,68.0
1229,Idaho,2013,,,
1254,Idaho,2014,,,
1279,Idaho,2015,96.0,21.0,65.0
1304,Idaho,2016,,,
1329,Idaho,2017,93.0,27.0,72.5
5,Illinois,1964,92.0,30.0,89.0
30,Illinois,1965,85.0,37.0,84.0
55,Illinois,1966,85.0,40.0,80.0
80,Illinois,1967,88.0,54.0,85.0
105,Illinois,1968,88.0,45.0,89.0
130,Illinois,1969,85.0,51.0,86.0
155,Illinois,1970,92.0,41.0,86.0
180,Illinois,1971,99.0,53.0,95.0
205,Illinois,1972,93.0,56.0,86.0
230,Illinois,1973,65.0,60.0,85.0
255,Illinois,1974,96.0,57.0,93.0
280,Illinois,1975,87.0,52.0,83.0
305,Illinois,1976,89.0,66.0,75.0
330,Illinois,1977,95.0,62.0,87.0
355,Illinois,1978,92.0,69.0,76.0
380,Illinois,1979,93.0,75.0,88.0
405,Illinois,1980,95.0,64.0,95.0
430,Illinois,1981,94.0,76.0,80.0
455,Illinois,1982,87.0,86.0,78.0
480,Illinois,1983,82.0,85.0,82.0
505,Illinois,1984,89.0,86.0,84.0
530,Illinois,1985,92.0,76.0,84.0
555,Illinois,1986,87.0,92.0,77.0
580,Illinois,1987,97.0,94.0,79.0
605,Illinois,1988,98.0,95.0,92.0
630,Illinois,1989,98.0,79.0,78.0
655,Illinois,1990,100.0,91.0,90.0
680,Illinois,1991,96.0,83.0,94.0
705,Illinois,1992,98.0,85.0,86.0
730,Illinois,1993,99.0,83.0,81.0
755,Illinois,1994,97.0,95.0,86.0
780,Illinois,1995,94.0,91.0,84.0
805,Illinois,1996,,,
830,Illinois,1997,91.0,98.13664596273291,69.0
855,Illinois,1998,98.0,108.22857142857143,82.0
880,Illinois,1999,,,
905,Illinois,2000,98.0,88.66396761133603,82.0
930,Illinois,2001,,,
955,Illinois,2002,96.0,97.29729729729729,76.0
980,Illinois,2003,,,
1005,Illinois,2004,98.0,130.0,85.0
1030,Illinois,2005,,,
1055,Illinois,2006,93.0,97.0,76.0
1080,Illinois,2007,,,
1105,Illinois,2008,,,
1130,Illinois,2009,99.0,92.0,80.0
1155,Illinois,2010,,,
1180,Illinois,2011,,,
1205,Illinois,2012,88.0,101.0,78.0
1230,Illinois,2013,,,
1255,Illinois,2014,,,
1280,Illinois,2015,90.0,105.0,72.0
1305,Illinois,2016,,,
1330,Illinois,2017,92.0,115.0,86.0
6,Indiana,1964,96.0,48.0,95.0
31,Indiana,1965,99.0,46.0,98.0
56,Indiana,1966,99.0,50.0,96.0
81,Indiana,1967,95.0,49.0,92.0
106,Indiana,1968,97.0,49.0,97.0
131,Indiana,1969,83.0,47.0,79.0
156,Indiana,1970,91.0,55.0,95.0
181,Indiana,1971,99.0,53.0,97.0
206,Indiana,1972,97.0,52.0,96.0
231,Indiana,1973,99.0,63.0,99.0
256,Indiana,1974,99.0,62.0,99.0
281,Indiana,1975,100.0,63.0,85.0
306,Indiana,1976,99.0,59.0,99.0
331,Indiana,1977,96.0,65.0,95.0
356,Indiana,1978,86.0,53.0,84.0
381,Indiana,1979,97.0,64.0,90.0
406,Indiana,1980,99.0,57.0,97.0
431,Indiana,1981,100.0,84.0,94.0
456,Indiana,1982,94.0,66.0,91.0
481,Indiana,1983,95.0,69.0,91.0
506,Indiana,1984,84.0,73.0,85.0
531,Indiana,1985,91.0,63.0,83.0
556,Indiana,1986,77.0,60.0,90.0
581,Indiana,1987,100.0,75.0,85.0
606,Indiana,1988,96.0,76.0,85.0
631,Indiana,1989,95.0,65.0,89.0
656,Indiana,1990,,,
681,Indiana,1991,97.0,69.0,87.0
706,Indiana,1992,98.0,67.0,83.0
731,Indiana,1993,,,
756,Indiana,1994,,,
781,Indiana,1995,,,
806,Indiana,1996,,,
831,Indiana,1997,,,
856,Indiana,1998,,,
881,Indiana,1999,97.0,78.78787878787878,91.0
906,Indiana,2000,,,
931,Indiana,2001,,,
956,Indiana,2002,,,
981,Indiana,2003,,,
1006,Indiana,2004,,,
1031,Indiana,2005,,,
1056,Indiana,2006,,,
1081,Indiana,2007,,,
1106,Indiana,2008,,,
1131,Indiana,2009,,,
1156,Indiana,2010,,,
1181,Indiana,2011,,,
1206,Indiana,2012,,,
1231,Indiana,2013,,,
1256,Indiana,2014,,,
1281,Indiana,2015,,,
1306,Indiana,2016,,,
1331,Indiana,2017,,,
7,Kansas,1964,39.0,11.0,32.0
32,Kansas,1965,40.0,11.0,31.0
57,Kansas,1966,50.0,13.0,38.0
82,Kansas,1967,51.0,14.0,41.0
107,Kansas,1968,59.0,16.0,45.0
132,Kansas,1969,50.0,24.0,39.0
157,Kansas,1970,51.0,14.0,37.0
182,Kansas,1971,48.0,18.0,31.0
207,Kansas,1972,60.0,15.0,40.0
232,Kansas,1973,66.0,22.0,42.0
257,Kansas,1974,68.0,19.0,39.0
282,Kansas,1975,68.0,19.0,42.0
307,Kansas,1976,73.0,24.0,47.0
332,Kansas,1977,71.0,21.0,41.0
357,Kansas,1978,63.0,18.0,30.0
382,Kansas,1979,70.0,25.0,38.0
407,Kansas,1980,76.0,31.0,40.0
432,Kansas,1981,76.0,30.0,44.0
457,Kansas,1982,75.0,27.0,40.0
482,Kansas,1983,82.0,41.0,49.0
507,Kansas,1984,84.0,28.0,48.0
532,Kansas,1985,81.0,24.0,43.0
557,Kansas,1986,79.0,31.0,42.0
582,Kansas,1987,86.0,14.0,49.0
607,Kansas,1988,89.0,31.0,50.0
632,Kansas,1989,87.0,29.0,52.0
657,Kansas,1990,88.0,21.0,44.0
682,Kansas,1991,89.0,34.0,53.0
707,Kansas,1992,87.0,32.0,50.0
732,Kansas,1993,87.0,19.0,51.0
757,Kansas,1994,89.0,34.0,49.0
782,Kansas,1995,90.0,34.0,61.0
807,Kansas,1996,94.0,,65.0
832,Kansas,1997,78.0,22.15909090909091,56.0
857,Kansas,1998,92.0,36.44859813084112,74.0
882,Kansas,1999,,,
907,Kansas,2000,94.0,19.047619047619047,65.0
932,Kansas,2001,,,
957,Kansas,2002,91.0,37.80864197530864,64.0
982,Kansas,2003,,,
1007,Kansas,2004,90.0,37.0,62.0
1032,Kansas,2005,,,
1057,Kansas,2006,88.0,36.0,66.0
1082,Kansas,2007,,,
1107,Kansas,2008,,,
1132,Kansas,2009,94.0,27.0,62.0
1157,Kansas,2010,,,
1182,Kansas,2011,,,
1207,Kansas,2012,94.0,31.0,65.0
1232,Kansas,2013,,,
1257,Kansas,2014,,,
1282,Kansas,2015,94.0,42.0,63.0
1307,Kansas,2016,,,
1332,Kansas,2017,85.0,,62.0
8,Kentucky,1964,,,
33,Kentucky,1965,,,
58,Kentucky,1966,,,
83,Kentucky,1967,,,
108,Kentucky,1968,,,
133,Kentucky,1969,,,
158,Kentucky,1970,,,
183,Kentucky,1971,,,
208,Kentucky,1972,,,
233,Kentucky,1973,,,
258,Kentucky,1974,,,
283,Kentucky,1975,,,
308,Kentucky,1976,,,
333,Kentucky,1977,,,
358,Kentucky,1978,,,
383,Kentucky,1979,,,
408,Kentucky,1980,,,
433,Kentucky,1981,,,
458,Kentucky,1982,,,
483,Kentucky,1983,,,
508,Kentucky,1984,,,
533,Kentucky,1985,,,
558,Kentucky,1986,,,
583,Kentucky,1987,,,
608,Kentucky,1988,,,
633,Kentucky,1989,,,
658,Kentucky,1990,,,
683,Kentucky,1991,,,
708,Kentucky,1992,,,
733,Kentucky,1993,,,
758,Kentucky,1994,,,
783,Kentucky,1995,,,
808,Kentucky,1996,,,
833,Kentucky,1997,,,
858,Kentucky,1998,,,
883,Kentucky,1999,,,
908,Kentucky,2000,80.0,72.636815920398,62.0
933,Kentucky,2001,,,
958,Kentucky,2002,,,
983,Kentucky,2003,,,
1008,Kentucky,2004,,,
1033,Kentucky,2005,,,
1058,Kentucky,2006,,,
1083,Kentucky,2007,,,
1108,Kentucky,2008,,,
1133,Kentucky,2009,,,
1158,Kentucky,2010,,,
1183,Kentucky,2011,,,
1208,Kentucky,2012,,,
1233,Kentucky,2013,,,
1258,Kentucky,2014,,,
1283,Kentucky,2015,,,
1308,Kentucky,2016,,,
1333,Kentucky,2017,,,
9,Louisiana,1964,,,
34,Louisiana,1965,,,
59,Louisiana,1966,,,
84,Louisiana,1967,,,
109,Louisiana,1968,,,
134,Louisiana,1969,,,
159,Louisiana,1970,,,
184,Louisiana,1971,,,
209,Louisiana,1972,,,
234,Louisiana,1973,,,
259,Louisiana,1974,,,
284,Louisiana,1975,,,
309,Louisiana,1976,,,
334,Louisiana,1977,,,
359,Louisiana,1978,,,
384,Louisiana,1979,,,
409,Louisiana,1980,,,
434,Louisiana,1981,,,
459,Louisiana,1982,,,
484,Louisiana,1983,,,
509,Louisiana,1984,,,
534,Louisiana,1985,,,
559,Louisiana,1986,,,
584,Louisiana,1987,,,
609,Louisiana,1988,,,
634,Louisiana,1989,,,
659,Louisiana,1990,,,
684,Louisiana,1991,,,
709,Louisiana,1992,,,
734,Louisiana,1993,,,
759,Louisiana,1994,,,
784,Louisiana,1995,,,
809,Louisiana,1996,,,
834,Louisiana,1997,,,
859,Louisiana,1998,91.0,60.0,32.0
884,Louisiana,1999,,,
909,Louisiana,2000,,,
934,Louisiana,2001,,,
959,Louisiana,2002,,,
984,Louisiana,2003,,,
1009,Louisiana,2004,,,
1034,Louisiana,2005,,,
1059,Louisiana,2006,,,
1084,Louisiana,2007,,,
1109,Louisiana,2008,,,
1134,Louisiana,2009,,,
1159,Louisiana,2010,,,
1184,Louisiana,2011,,,
1209,Louisiana,2012,,,
1234,Louisiana,2013,,,
1259,Louisiana,2014,,,
1284,Louisiana,2015,,,
1309,Louisiana,2016,,,
1334,Louisiana,2017,,,
10,Michigan,1964,95.0,44.0,96.0
35,Michigan,1965,99.0,49.0,100.0
60,Michigan,1966,99.0,49.0,100.0
85,Michigan,1967,100.0,50.0,100.0
110,Michigan,1968,97.0,52.0,97.0
135,Michigan,1969,98.0,51.0,96.0
160,Michigan,1970,99.0,52.0,96.0
185,Michigan,1971,96.0,52.0,84.0
210,Michigan,1972,91.0,50.0,92.0
235,Michigan,1973,100.0,54.0,100.0
260,Michigan,1974,97.0,49.0,95.0
285,Michigan,1975,98.0,49.0,89.0
310,Michigan,1976,98.0,56.0,96.0
335,Michigan,1977,98.0,55.0,96.0
360,Michigan,1978,96.0,53.0,91.0
385,Michigan,1979,94.0,63.0,91.0
410,Michigan,1980,98.0,60.0,100.0
435,Michigan,1981,100.0,58.0,100.0
460,Michigan,1982,98.0,59.0,96.0
485,Michigan,1983,100.0,53.0,98.0
510,Michigan,1984,,,
535,Michigan,1985,,,
560,Michigan,1986,,,
585,Michigan,1987,,,
610,Michigan,1988,,,
635,Michigan,1989,,,
660,Michigan,1990,,,
685,Michigan,1991,,,
710,Michigan,1992,,,
735,Michigan,1993,,,
760,Michigan,1994,,,
785,Michigan,1995,,,
810,Michigan,1996,,,
835,Michigan,1997,,,
860,Michigan,1998,,,
885,Michigan,1999,,,
910,Michigan,2000,,,
935,Michigan,2001,,,
960,Michigan,2002,,,
985,Michigan,2003,,,
1010,Michigan,2004,97.0,75.0,71.0
1035,Michigan,2005,,,
1060,Michigan,2006,98.0,61.0,74.0
1085,Michigan,2007,,,
1110,Michigan,2008,,,
1135,Michigan,2009,92.0,23.0,67.0
1160,Michigan,2010,,,
1185,Michigan,2011,,,
1210,Michigan,2012,,,
1235,Michigan,2013,,,
1260,Michigan,2014,,,
1285,Michigan,2015,,,
1310,Michigan,2016,,,
1335,Michigan,2017,92.0,61.0,62.0
11,Minnesota,1964,76.0,19.0,74.0
36,Minnesota,1965,78.0,18.0,80.0
61,Minnesota,1966,64.0,9.0,67.0
86,Minnesota,1967,86.0,19.0,75.0
111,Minnesota,1968,88.0,19.0,79.0
136,Minnesota,1969,90.0,20.0,90.0
161,Minnesota,1970,86.0,22.0,86.0
186,Minnesota,1971,87.0,17.0,87.0
211,Minnesota,1972,96.0,21.0,96.0
236,Minnesota,1973,91.0,17.0,88.0
261,Minnesota,1974,92.0,28.0,87.0
286,Minnesota,1975,90.0,24.0,82.0
311,Minnesota,1976,95.0,22.0,93.0
336,Minnesota,1977,91.0,23.0,86.0
361,Minnesota,1978,98.0,29.0,93.0
386,Minnesota,1979,96.0,26.0,92.0
411,Minnesota,1980,93.0,21.0,79.0
436,Minnesota,1981,96.0,25.0,87.0
461,Minnesota,1982,,,
486,Minnesota,1983,95.0,35.0,80.0
511,Minnesota,1984,95.0,28.0,91.0
536,Minnesota,1985,94.0,29.0,89.0
561,Minnesota,1986,99.0,32.0,90.0
586,Minnesota,1987,88.0,27.0,78.0
611,Minnesota,1988,100.0,38.0,93.0
636,Minnesota,1989,99.0,28.0,89.0
661,Minnesota,1990,97.0,34.0,87.0
686,Minnesota,1991,96.0,31.0,92.0
711,Minnesota,1992,96.0,39.0,90.0
736,Minnesota,1993,94.0,28.0,83.0
761,Minnesota,1994,98.0,27.0,90.0
786,Minnesota,1995,95.0,27.0,90.0
811,Minnesota,1996,98.0,27.61437908496732,87.0
836,Minnesota,1997,98.0,41.31954151523623,91.0
861,Minnesota,1998,100.0,30.28846153846154,97.0
886,Minnesota,1999,,,
911,Minnesota,2000,94.0,20.068493150684933,85.0
936,Minnesota,2001,,,
961,Minnesota,2002,89.0,32.86764705882353,83.0
986,Minnesota,2003,,,
1011,Minnesota,2004,98.0,38.0,91.0
1036,Minnesota,2005,,,
1061,Minnesota,2006,99.0,26.0,97.0
1086,Minnesota,2007,,,
1111,Minnesota,2008,,,
1136,Minnesota,2009,94.0,36.0,88.0
1161,Minnesota,2010,,,
1186,Minnesota,2011,,,
1211,Minnesota,2012,98.0,23.0,88.0
1236,Minnesota,2013,,,
1261,Minnesota,2014,,,
1286,Minnesota,2015,95.0,34.0,87.0
1311,Minnesota,2016,,,
1336,Minnesota,2017,,37.0,
12,Mississippi,1964,,,
37,Mississippi,1965,,,
62,Mississippi,1966,,,
87,Mississippi,1967,,,
112,Mississippi,1968,,,
137,Mississippi,1969,,,
162,Mississippi,1970,,,
187,Mississippi,1971,,,
212,Mississippi,1972,,,
237,Mississippi,1973,,,
262,Mississippi,1974,,,
287,Mississippi,1975,,,
312,Mississippi,1976,,,
337,Mississippi,1977,,,
362,Mississippi,1978,,,
387,Mississippi,1979,,,
412,Mississippi,1980,,,
437,Mississippi,1981,,,
462,Mississippi,1982,,,
487,Mississippi,1983,,,
512,Mississippi,1984,,,
537,Mississippi,1985,,,
562,Mississippi,1986,,,
587,Mississippi,1987,,,
612,Mississippi,1988,,,
637,Mississippi,1989,,,
662,Mississippi,1990,,,
687,Mississippi,1991,,,
712,Mississippi,1992,,,
737,Mississippi,1993,,,
762,Mississippi,1994,,,
787,Mississippi,1995,,,
812,Mississippi,1996,,,
837,Mississippi,1997,,,
862,Mississippi,1998,100.0,75.89285714285715,14.0
887,Mississippi,1999,,,
912,Mississippi,2000,,,
937,Mississippi,2001,,,
962,Mississippi,2002,,,
987,Mississippi,2003,,,
1012,Mississippi,2004,,,
1037,Mississippi,2005,,,
1062,Mississippi,2006,,,
1087,Mississippi,2007,,,
1112,Mississippi,2008,,,
1137,Mississippi,2009,,,
1162,Mississippi,2010,,,
1187,Mississippi,2011,,,
1212,Mississippi,2012,,,
1237,Mississippi,2013,,,
1262,Mississippi,2014,,,
1287,Mississippi,2015,,,
1312,Mississippi,2016,,,
1337,Mississippi,2017,,,
13,Missouri,1964,95.0,26.0,76.0
38,Missouri,1965,95.0,27.0,70.0
63,Missouri,1966,92.0,32.0,69.0
88,Missouri,1967,93.0,36.0,64.0
113,Missouri,1968,92.0,34.0,66.0
138,Missouri,1969,93.0,41.0,74.0
163,Missouri,1970,90.0,40.0,67.0
188,Missouri,1971,94.0,40.0,63.0
213,Missouri,1972,91.0,41.0,65.0
238,Missouri,1973,81.0,53.0,60.0
263,Missouri,1974,99.0,46.0,71.0
288,Missouri,1975,95.0,44.0,70.0
313,Missouri,1976,96.0,43.0,85.0
338,Missouri,1977,93.0,49.0,75.0
363,Missouri,1978,96.0,54.0,76.0
388,Missouri,1979,84.0,56.0,77.0
413,Missouri,1980,95.0,62.0,82.0
438,Missouri,1981,95.0,57.0,83.0
463,Missouri,1982,94.0,55.0,81.0
488,Missouri,1983,93.0,59.0,73.0
513,Missouri,1984,87.0,55.0,67.0
538,Missouri,1985,91.0,51.0,78.0
563,Missouri,1986,80.0,65.0,70.0
588,Missouri,1987,96.0,57.0,53.0
613,Missouri,1988,99.0,69.0,77.0
638,Missouri,1989,96.0,67.0,76.0
663,Missouri,1990,96.0,71.0,78.0
688,Missouri,1991,99.0,59.0,79.0
713,Missouri,1992,96.0,54.0,82.0
738,Missouri,1993,96.0,61.0,77.0
763,Missouri,1994,98.0,60.0,77.0
788,Missouri,1995,88.0,70.0,65.0
813,Missouri,1996,,,
838,Missouri,1997,92.0,67.85714285714286,81.0
863,Missouri,1998,98.0,64.51335055986219,86.0
888,Missouri,1999,,,
913,Missouri,2000,96.0,67.00680272108843,76.0
938,Missouri,2001,,,
963,Missouri,2002,97.0,72.54623044096729,75.0
988,Missouri,2003,,,
1013,Missouri,2004,97.0,78.0,84.0
1038,Missouri,2005,,,
1063,Missouri,2006,97.0,60.0,73.0
1088,Missouri,2007,,,
1113,Missouri,2008,,,
1138,Missouri,2009,91.0,64.0,75.0
1163,Missouri,2010,,,
1188,Missouri,2011,,,
1213,Missouri,2012,99.0,72.0,85.0
1238,Missouri,2013,,,
1263,Missouri,2014,,,
1288,Missouri,2015,92.0,70.0,80.0
1313,Missouri,2016,,,
1338,Missouri,2017,98.0,74.0,66.0
14,Montana,1964,6.0,3.0,19.0
39,Montana,1965,17.0,1.0,29.0
64,Montana,1966,14.0,,28.0
89,Montana,1967,28.0,,41.0
114,Montana,1968,32.0,1.0,40.0
139,Montana,1969,32.0,1.0,39.0
164,Montana,1970,30.0,4.0,39.0
189,Montana,1971,37.0,4.0,40.0
214,Montana,1972,43.0,6.0,45.0
239,Montana,1973,38.0,9.0,37.0
264,Montana,1974,37.0,8.0,37.0
289,Montana,1975,43.0,5.0,41.0
314,Montana,1976,47.0,22.0,45.0
339,Montana,1977,47.0,27.0,43.0
364,Montana,1978,45.0,9.0,41.0
389,Montana,1979,56.0,21.0,55.0
414,Montana,1980,45.0,21.0,42.0
439,Montana,1981,47.0,18.0,44.0
464,Montana,1982,63.0,19.0,62.0
489,Montana,1983,59.0,19.0,58.0
514,Montana,1984,64.0,11.0,63.0
539,Montana,1985,65.0,11.0,65.0
564,Montana,1986,59.0,11.0,53.0
589,Montana,1987,58.0,9.0,48.0
614,Montana,1988,69.0,22.0,67.0
639,Montana,1989,59.0,12.0,52.0
664,Montana,1990,63.0,14.0,59.0
689,Montana,1991,60.0,9.0,59.0
714,Montana,1992,68.0,16.0,62.0
739,Montana,1993,76.0,13.0,72.0
764,Montana,1994,79.0,10.0,68.0
789,Montana,1995,81.0,15.0,75.0
814,Montana,1996,82.67961165048544,12.833008447043534,78.64077669902913
839,Montana,1997,83.0,14.705882352941176,69.0
864,Montana,1998,68.8076923076923,12.125984251968504,64.61538461538461
889,Montana,1999,,,
914,Montana,2000,87.52577319587628,12.857914640734736,81.83505154639175
939,Montana,2001,,,
964,Montana,2002,69.66666666666667,17.395143487858718,58.5
989,Montana,2003,,,
1014,Montana,2004,85.0,17.0,75.0
1039,Montana,2005,,,
1064,Montana,2006,87.0,15.0,82.0
1089,Montana,2007,,,
1114,Montana,2008,,,
1139,Montana,2009,91.0,9.0,83.0
1164,Montana,2010,,,
1189,Montana,2011,,,
1214,Montana,2012,93.0,18.0,86.0
1239,Montana,2013,,,
1264,Montana,2014,,,
1289,Montana,2015,96.62673231179939,12.893806847807195,88.38747033014457
1314,Montana,2016,,,
1339,Montana,2017,94.0,18.0,92.61999999999999
15,Nebraska,1964,25.0,,7.0
40,Nebraska,1965,25.0,5.0,7.0
65,Nebraska,1966,26.0,15.0,7.0
90,Nebraska,1967,39.0,27.0,18.0
115,Nebraska,1968,43.0,16.0,23.0
140,Nebraska,1969,48.0,23.0,17.0
165,Nebraska,1970,43.0,13.0,17.0
190,Nebraska,1971,44.0,10.0,17.0
215,Nebraska,1972,45.0,6.0,19.0
240,Nebraska,1973,51.0,9.0,15.0
265,Nebraska,1974,72.0,12.0,23.0
290,Nebraska,1975,55.0,12.0,26.0
315,Nebraska,1976,58.0,18.0,25.0
340,Nebraska,1977,56.0,8.0,24.0
365,Nebraska,1978,46.0,7.0,13.0
390,Nebraska,1979,57.0,18.0,15.0
415,Nebraska,1980,57.0,28.0,22.0
440,Nebraska,1981,62.0,12.0,29.0
465,Nebraska,1982,56.0,16.0,21.0
490,Nebraska,1983,59.0,3.0,25.0
515,Nebraska,1984,58.0,14.0,23.0
540,Nebraska,1985,81.0,20.0,34.0
565,Nebraska,1986,70.0,17.0,21.0
590,Nebraska,1987,70.0,,16.0
615,Nebraska,1988,73.0,,33.0
640,Nebraska,1989,76.0,,13.0
665,Nebraska,1990,79.0,,22.0
690,Nebraska,1991,80.0,11.0,30.0
715,Nebraska,1992,77.0,13.0,38.0
740,Nebraska,1993,75.0,10.0,39.0
765,Nebraska,1994,81.0,4.0,47.0
790,Nebraska,1995,80.0,9.0,42.0
815,Nebraska,1996,86.0,,51.0
840,Nebraska,1997,92.0,,74.0
865,Nebraska,1998,85.0,4.385964912280702,59.0
890,Nebraska,1999,,,
915,Nebraska,2000,90.0,,68.0
940,Nebraska,2001,,,
965,Nebraska,2002,79.0,34.53947368421053,45.0
990,Nebraska,2003,,,
1015,Nebraska,2004,73.0,22.0,42.0
1040,Nebraska,2005,,,
1065,Nebraska,2006,75.0,18.0,57.0
1090,Nebraska,2007,,,
1115,Nebraska,2008,,,
1140,Nebraska,2009,84.0,17.0,65.0
1165,Nebraska,2010,,,
1190,Nebraska,2011,,,
1215,Nebraska,2012,83.0,14.0,64.0
1240,Nebraska,2013,,,
1265,Nebraska,2014,,,
1290,Nebraska,2015,83.0,17.0,58.0
1315,Nebraska,2016,,,
1340,Nebraska,2017,79.0,11.0,50.0
16,North Carolina,1964,,,
41,North Carolina,1965,,,
66,North Carolina,1966,,,
91,North Carolina,1967,,,
116,North Carolina,1968,,,
141,North Carolina,1969,,,
166,North Carolina,1970,,,
191,North Carolina,1971,,,
216,North Carolina,1972,,,
241,North Carolina,1973,,,
266,North Carolina,1974,,,
291,North Carolina,1975,,,
316,North Carolina,1976,,,
341,North Carolina,1977,,,
366,North Carolina,1978,,,
391,North Carolina,1979,,,
416,North Carolina,1980,,,
441,North Carolina,1981,,,
466,North Carolina,1982,,,
491,North Carolina,1983,,,
516,North Carolina,1984,,,
541,North Carolina,1985,,,
566,North Carolina,1986,,,
591,North Carolina,1987,,,
616,North Carolina,1988,,,
641,North Carolina,1989,,,
666,North Carolina,1990,,,
691,North Carolina,1991,,,
716,North Carolina,1992,,,
741,North Carolina,1993,,,
766,North Carolina,1994,,,
791,North Carolina,1995,,,
816,North Carolina,1996,,,
841,North Carolina,1997,,,
866,North Carolina,1998,91.0,87.73646444879321,76.0
891,North Carolina,1999,,,
916,North Carolina,2000,88.0,76.63690476190476,48.0
941,North Carolina,2001,,,
966,North Carolina,2002,,,
991,North Carolina,2003,,,
1016,North Carolina,2004,,,
1041,North Carolina,2005,,,
1066,North Carolina,2006,,,
1091,North Carolina,2007,,,
1116,North Carolina,2008,,,
1141,North Carolina,2009,,,
1166,North Carolina,2010,,,
1191,North Carolina,2011,,,
1216,North Carolina,2012,,,
1241,North Carolina,2013,,,
1266,North Carolina,2014,,,
1291,North Carolina,2015,80.0,83.0,43.0
1316,North Carolina,2016,,,
1341,North Carolina,2017,,,
17,North Dakota,1964,42.0,9.0,51.0
42,North Dakota,1965,43.0,10.0,56.0
67,North Dakota,1966,41.0,7.0,60.0
92,North Dakota,1967,48.0,10.0,66.0
117,North Dakota,1968,52.0,8.0,67.0
142,North Dakota,1969,65.0,11.0,72.0
167,North Dakota,1970,69.0,8.0,73.0
192,North Dakota,1971,63.0,9.0,64.0
217,North Dakota,1972,68.0,12.0,71.0
242,North Dakota,1973,73.0,11.0,74.0
267,North Dakota,1974,63.0,10.0,63.0
292,North Dakota,1975,57.0,9.0,54.0
317,North Dakota,1976,65.0,13.0,58.0
342,North Dakota,1977,51.0,15.0,48.0
367,North Dakota,1978,58.0,13.0,55.0
392,North Dakota,1979,65.0,18.0,55.0
417,North Dakota,1980,49.0,15.0,40.0
442,North Dakota,1981,57.0,17.0,47.0
467,North Dakota,1982,,,
492,North Dakota,1983,71.0,10.0,60.0
517,North Dakota,1984,72.0,19.0,63.0
542,North Dakota,1985,72.0,18.0,64.0
567,North Dakota,1986,81.0,14.0,70.0
592,North Dakota,1987,80.0,17.0,70.0
617,North Dakota,1988,75.0,16.0,67.0
642,North Dakota,1989,73.0,19.0,61.0
667,North Dakota,1990,66.0,12.0,60.0
692,North Dakota,1991,74.0,11.0,62.0
717,North Dakota,1992,83.0,14.0,73.0
742,North Dakota,1993,90.0,11.0,83.0
767,North Dakota,1994,89.0,19.0,78.0
792,North Dakota,1995,89.0,14.0,79.0
817,North Dakota,1996,90.71428571428571,20.007861635220127,76.80952380952381
842,North Dakota,1997,98.06086956521739,20.575601374570446,88.47826086956522
867,North Dakota,1998,97.30927835051547,7.4825174825174825,84.52577319587628
892,North Dakota,1999,,,
917,North Dakota,2000,93.44278606965175,15.738375063873276,77.50248756218906
942,North Dakota,2001,,,
967,North Dakota,2002,94.9,22.45762711864407,77.16666666666667
992,North Dakota,2003,,,
1017,North Dakota,2004,97.0,21.0,82.0
1042,North Dakota,2005,,,
1067,North Dakota,2006,98.0,8.0,85.0
1092,North Dakota,2007,,,
1117,North Dakota,2008,,,
1142,North Dakota,2009,97.0,16.0,85.0
1167,North Dakota,2010,,,
1192,North Dakota,2011,,,
1217,North Dakota,2012,98.0,24.0,84.0
1242,North Dakota,2013,,,
1267,North Dakota,2014,,,
1292,North Dakota,2015,99.0,17.61351636747624,94.86002392753376
1317,North Dakota,2016,,,
1342,North Dakota,2017,,17.0,78.85
18,Ohio,1964,97.0,45.0,96.0
43,Ohio,1965,100.0,46.0,100.0
68,Ohio,1966,99.0,51.0,98.0
93,Ohio,1967,99.0,53.0,99.0
118,Ohio,1968,95.0,55.0,98.0
143,Ohio,1969,98.0,52.0,98.0
168,Ohio,1970,99.0,55.0,99.0
193,Ohio,1971,100.0,55.0,100.0
218,Ohio,1972,98.0,54.0,98.0
243,Ohio,1973,99.0,63.0,97.0
268,Ohio,1974,97.0,57.0,97.0
293,Ohio,1975,100.0,55.0,99.0
318,Ohio,1976,97.0,60.0,95.0
343,Ohio,1977,99.0,64.0,97.0
368,Ohio,1978,94.0,53.0,94.0
393,Ohio,1979,97.0,63.0,93.0
418,Ohio,1980,99.0,58.0,99.0
443,Ohio,1981,100.0,67.0,96.0
468,Ohio,1982,84.0,65.0,82.0
493,Ohio,1983,99.0,65.0,91.0
518,Ohio,1984,94.0,70.0,91.0
543,Ohio,1985,92.0,72.0,86.0
568,Ohio,1986,99.0,74.0,85.0
593,Ohio,1987,93.0,73.0,89.0
618,Ohio,1988,100.0,76.0,96.0
643,Ohio,1989,95.0,67.0,92.0
668,Ohio,1990,97.0,70.0,95.0
693,Ohio,1991,99.0,67.0,91.0
718,Ohio,1992,100.0,65.0,94.0
743,Ohio,1993,99.0,74.0,95.0
768,Ohio,1994,99.0,76.0,91.0
793,Ohio,1995,100.0,71.0,93.0
818,Ohio,1996,,,
843,Ohio,1997,100.0,82.00711477251451,92.0
868,Ohio,1998,100.0,71.09929078014184,93.0
893,Ohio,1999,,,
918,Ohio,2000,94.0,80.57491289198606,81.0
943,Ohio,2001,,,
968,Ohio,2002,98.0,72.10998877665544,89.0
993,Ohio,2003,,,
1018,Ohio,2004,100.0,84.0,95.0
1043,Ohio,2005,,,
1068,Ohio,2006,98.0,71.0,84.0
1093,Ohio,2007,,,
1118,Ohio,2008,,,
1143,Ohio,2009,98.0,64.0,72.0
1168,Ohio,2010,,,
1193,Ohio,2011,,,
1218,Ohio,2012,89.0,63.0,83.0
1243,Ohio,2013,,,
1268,Ohio,2014,,,
1293,Ohio,2015,88.0,71.0,74.0
1318,Ohio,2016,,,
1343,Ohio,2017,97.0,74.0,81.0
19,Oklahoma,1964,58.0,21.0,46.0
44,Oklahoma,1965,60.0,9.0,44.0
69,Oklahoma,1966,60.0,13.0,36.0
94,Oklahoma,1967,52.0,13.0,46.0
119,Oklahoma,1968,58.0,12.0,34.0
144,Oklahoma,1969,57.0,11.0,34.0
169,Oklahoma,1970,70.0,12.0,41.0
194,Oklahoma,1971,70.0,11.0,40.0
219,Oklahoma,1972,63.0,11.0,40.0
244,Oklahoma,1973,65.0,35.0,46.0
269,Oklahoma,1974,65.0,15.0,39.0
294,Oklahoma,1975,65.0,12.0,41.0
319,Oklahoma,1976,82.0,12.0,54.0
344,Oklahoma,1977,73.0,17.0,48.0
369,Oklahoma,1978,62.0,12.0,32.0
394,Oklahoma,1979,79.0,15.0,48.0
419,Oklahoma,1980,89.0,14.0,56.0
444,Oklahoma,1981,84.0,29.0,53.0
469,Oklahoma,1982,81.0,17.0,49.0
494,Oklahoma,1983,70.0,18.0,36.0
519,Oklahoma,1984,81.0,16.0,48.0
544,Oklahoma,1985,83.0,19.0,53.0
569,Oklahoma,1986,81.0,27.0,43.0
594,Oklahoma,1987,89.0,19.0,47.0
619,Oklahoma,1988,86.0,13.0,44.0
644,Oklahoma,1989,95.0,22.0,59.0
669,Oklahoma,1990,91.0,25.0,62.0
694,Oklahoma,1991,92.0,26.0,45.0
719,Oklahoma,1992,94.0,21.0,46.0
744,Oklahoma,1993,96.0,22.0,50.0
769,Oklahoma,1994,95.0,36.0,59.0
794,Oklahoma,1995,96.0,17.0,58.0
819,Oklahoma,1996,75.0,48.42300556586271,45.0
844,Oklahoma,1997,90.0,16.93121693121693,47.0
869,Oklahoma,1998,95.0,10.808080808080808,64.0
894,Oklahoma,1999,,,
919,Oklahoma,2000,97.0,27.21311475409836,62.0
944,Oklahoma,2001,,,
969,Oklahoma,2002,92.0,45.714285714285715,59.0
994,Oklahoma,2003,,,
1019,Oklahoma,2004,92.0,26.0,62.0
1044,Oklahoma,2005,,,
1069,Oklahoma,2006,89.0,23.0,65.0
1094,Oklahoma,2007,,,
1119,Oklahoma,2008,,,
1144,Oklahoma,2009,95.0,11.0,55.0
1169,Oklahoma,2010,,,
1194,Oklahoma,2011,,,
1219,Oklahoma,2012,85.0,14.0,43.0
1244,Oklahoma,2013,,,
1269,Oklahoma,2014,,,
1294,Oklahoma,2015,94.0,16.0,65.0
1319,Oklahoma,2016,,,
1344,Oklahoma,2017,92.0,21.0,53.0
20,Oregon,1964,94.0,17.0,18.0
45,Oregon,1965,86.0,,3.0
70,Oregon,1966,92.0,24.0,8.0
95,Oregon,1967,59.0,30.0,4.0
120,Oregon,1968,78.0,30.0,10.0
145,Oregon,1969,54.0,,8.0
170,Oregon,1970,81.0,14.0,7.0
195,Oregon,1971,83.0,29.0,6.0
220,Oregon,1972,89.0,,9.0
245,Oregon,1973,89.0,,6.0
270,Oregon,1974,82.0,20.0,20.0
295,Oregon,1975,87.0,25.0,16.0
320,Oregon,1976,81.0,22.0,24.0
345,Oregon,1977,84.0,38.0,20.0
370,Oregon,1978,72.0,37.0,10.0
395,Oregon,1979,88.0,31.0,15.0
420,Oregon,1980,90.0,42.0,18.0
445,Oregon,1981,90.0,37.0,25.0
470,Oregon,1982,95.0,31.0,15.0
495,Oregon,1983,95.0,38.0,24.0
520,Oregon,1984,96.0,32.0,21.0
545,Oregon,1985,95.0,42.0,14.0
570,Oregon,1986,96.0,42.0,20.0
595,Oregon,1987,96.0,49.0,14.0
620,Oregon,1988,99.0,35.0,22.0
645,Oregon,1989,97.0,38.0,12.0
670,Oregon,1990,,,
695,Oregon,1991,98.0,32.0,11.0
720,Oregon,1992,97.0,25.0,19.0
745,Oregon,1993,93.0,31.0,13.0
770,Oregon,1994,99.0,38.0,11.0
795,Oregon,1995,98.0,26.0,17.0
820,Oregon,1996,100.0,25.88235294117647,10.0
845,Oregon,1997,100.0,,15.0
870,Oregon,1998,99.0,37.03703703703704,9.0
895,Oregon,1999,,,
920,Oregon,2000,99.0,26.666666666666668,11.0
945,Oregon,2001,,,
970,Oregon,2002,,,
995,Oregon,2003,,,
1020,Oregon,2004,95.0,47.0,14.0
1045,Oregon,2005,,,
1070,Oregon,2006,95.0,19.0,12.0
1095,Oregon,2007,,,
1120,Oregon,2008,,,
1145,Oregon,2009,97.0,24.0,26.0
1170,Oregon,2010,,,
1195,Oregon,2011,,,
1220,Oregon,2012,100.0,38.0,24.0
1245,Oregon,2013,,,
1270,Oregon,2014,,,
1295,Oregon,2015,97.0,15.0,15.0
1320,Oregon,2016,,,
1345,Oregon,2017,96.0,14.0,39.0
21,Pennsylvania,1964,,,
46,Pennsylvania,1965,,,
71,Pennsylvania,1966,,,
96,Pennsylvania,1967,,,
121,Pennsylvania,1968,,,
146,Pennsylvania,1969,,,
171,Pennsylvania,1970,,,
196,Pennsylvania,1971,,,
221,Pennsylvania,1972,,,
246,Pennsylvania,1973,,,
271,Pennsylvania,1974,,,
296,Pennsylvania,1975,,,
321,Pennsylvania,1976,,,
346,Pennsylvania,1977,,,
371,Pennsylvania,1978,,,
396,Pennsylvania,1979,,,
421,Pennsylvania,1980,,,
446,Pennsylvania,1981,,,
471,Pennsylvania,1982,,,
496,Pennsylvania,1983,,,
521,Pennsylvania,1984,,,
546,Pennsylvania,1985,,,
571,Pennsylvania,1986,,,
596,Pennsylvania,1987,,,
621,Pennsylvania,1988,,,
646,Pennsylvania,1989,,,
671,Pennsylvania,1990,,,
696,Pennsylvania,1991,,,
721,Pennsylvania,1992,,,
746,Pennsylvania,1993,,,
771,Pennsylvania,1994,,,
796,Pennsylvania,1995,,,
821,Pennsylvania,1996,,,
846,Pennsylvania,1997,81.0,50.36319612590799,60.0
871,Pennsylvania,1998,,,
896,Pennsylvania,1999,,,
921,Pennsylvania,2000,,,
946,Pennsylvania,2001,,,
971,Pennsylvania,2002,,,
996,Pennsylvania,2003,,,
1021,Pennsylvania,2004,,,
1046,Pennsylvania,2005,,,
1071,Pennsylvania,2006,,,
1096,Pennsylvania,2007,,,
1121,Pennsylvania,2008,,,
1146,Pennsylvania,2009,,,
1171,Pennsylvania,2010,,,
1196,Pennsylvania,2011,,,
1221,Pennsylvania,2012,,,
1246,Pennsylvania,2013,,,
1271,Pennsylvania,2014,,,
1296,Pennsylvania,2015,,,
1321,Pennsylvania,2016,,,
1346,Pennsylvania,2017,,,
22,South Dakota,1964,6.0,,4.0
47,South Dakota,1965,7.0,,6.0
72,South Dakota,1966,16.0,,11.0
97,South Dakota,1967,25.0,,23.0
122,South Dakota,1968,23.0,3.0,24.0
147,South Dakota,1969,33.0,,30.0
172,South Dakota,1970,32.0,1.0,29.0
197,South Dakota,1971,41.0,7.0,39.0
222,South Dakota,1972,31.0,11.0,28.0
247,South Dakota,1973,39.0,8.0,37.0
272,South Dakota,1974,42.0,10.0,41.0
297,South Dakota,1975,29.0,8.0,26.0
322,South Dakota,1976,53.0,13.0,40.0
347,South Dakota,1977,24.0,5.0,17.0
372,South Dakota,1978,21.0,6.0,19.0
397,South Dakota,1979,19.0,10.0,18.0
422,South Dakota,1980,25.0,10.0,21.0
447,South Dakota,1981,44.0,13.0,29.0
472,South Dakota,1982,,,
497,South Dakota,1983,43.0,16.0,41.0
522,South Dakota,1984,47.0,17.0,45.0
547,South Dakota,1985,62.0,22.0,51.0
572,South Dakota,1986,68.0,14.0,44.0
597,South Dakota,1987,61.0,,49.0
622,South Dakota,1988,73.0,,57.0
647,South Dakota,1989,44.0,,35.0
672,South Dakota,1990,51.0,7.0,36.0
697,South Dakota,1991,54.0,11.0,46.0
722,South Dakota,1992,65.0,,54.0
747,South Dakota,1993,66.0,13.0,57.0
772,South Dakota,1994,69.0,17.0,51.0
797,South Dakota,1995,72.0,15.0,55.0
822,South Dakota,1996,78.0,,65.0
847,South Dakota,1997,86.45070422535211,,66.45070422535211
872,South Dakota,1998,88.34782608695652,26.573426573426573,77.30434782608695
897,South Dakota,1999,,,
922,South Dakota,2000,93.2,11.38888888888889,73.1
947,South Dakota,2001,,,
972,South Dakota,2002,,,
997,South Dakota,2003,,,
1022,South Dakota,2004,91.0,29.0,67.0
1047,South Dakota,2005,,,
1072,South Dakota,2006,86.0,26.0,70.0
1097,South Dakota,2007,,,
1122,South Dakota,2008,,,
1147,South Dakota,2009,89.0,16.0,69.0
1172,South Dakota,2010,,,
1197,South Dakota,2011,,,
1222,South Dakota,2012,90.0,21.0,76.0
1247,South Dakota,2013,,,
1272,South Dakota,2014,,,
1297,South Dakota,2015,98.52064368356142,22.77372262773723,79.48383500557415
1322,South Dakota,2016,,,
1347,South Dakota,2017,89.0,21.0,77.5
23,Texas,1964,39.0,4.0,12.0
48,Texas,1965,44.0,26.0,20.0
73,Texas,1966,46.0,24.0,23.0
98,Texas,1967,50.0,16.0,25.0
123,Texas,1968,41.0,8.0,24.0
148,Texas,1969,34.0,20.0,19.0
173,Texas,1970,51.0,13.0,22.0
198,Texas,1971,47.0,40.0,14.0
223,Texas,1972,46.0,16.0,24.0
248,Texas,1973,42.0,20.0,17.0
273,Texas,1974,65.0,15.0,32.0
298,Texas,1975,37.0,11.0,17.0
323,Texas,1976,59.0,23.0,24.0
348,Texas,1977,44.0,38.0,27.0
373,Texas,1978,49.0,10.0,15.0
398,Texas,1979,32.0,22.0,15.0
423,Texas,1980,48.0,13.0,30.0
448,Texas,1981,57.0,14.0,35.0
473,Texas,1982,55.0,22.0,36.0
498,Texas,1983,54.0,41.0,33.0
523,Texas,1984,71.0,27.0,24.0
548,Texas,1985,62.0,16.0,30.0
573,Texas,1986,43.0,18.0,26.0
598,Texas,1987,69.0,49.0,57.0
623,Texas,1988,70.0,24.0,45.0
648,Texas,1989,72.0,26.0,32.0
673,Texas,1990,66.0,10.0,35.0
698,Texas,1991,72.0,26.0,37.0
723,Texas,1992,69.0,14.0,31.0
748,Texas,1993,77.0,16.0,32.0
773,Texas,1994,70.0,19.0,34.0
798,Texas,1995,73.0,15.0,36.0
823,Texas,1996,78.0,,31.0
848,Texas,1997,78.0,16.463414634146343,36.0
873,Texas,1998,75.0,18.330849478390462,50.0
898,Texas,1999,,,
923,Texas,2000,55.0,38.095238095238095,35.0
948,Texas,2001,,,
973,Texas,2002,62.0,28.571428571428573,28.0
998,Texas,2003,,,
1023,Texas,2004,64.0,17.0,35.0
1048,Texas,2005,,,
1073,Texas,2006,44.0,48.0,29.0
1098,Texas,2007,,,
1123,Texas,2008,,,
1148,Texas,2009,47.0,9.0,29.0
1173,Texas,2010,,,
1198,Texas,2011,,,
1223,Texas,2012,65.0,17.0,32.0
1248,Texas,2013,,,
1273,Texas,2014,,,
1298,Texas,2015,67.0,24.0,42.0
1323,Texas,2016,,,
1348,Texas,2017,65.0,22.0,42.0
24,Washington,1964,81.0,80.0,5.0
49,Washington,1965,70.0,,4.0
74,Washington,1966,77.0,,5.0
99,Washington,1967,88.0,2.0,6.0
124,Washington,1968,94.0,13.0,6.0
149,Washington,1969,82.0,51.0,15.0
174,Washington,1970,92.0,,3.0
199,Washington,1971,90.0,28.0,10.0
224,Washington,1972,92.0,,6.0
249,Washington,1973,98.0,,10.0
274,Washington,1974,87.0,,14.0
299,Washington,1975,97.0,,15.0
324,Washington,1976,93.0,2.0,13.0
349,Washington,1977,99.0,20.0,19.0
374,Washington,1978,96.0,10.0,9.0
399,Washington,1979,96.0,37.0,10.0
424,Washington,1980,99.0,18.0,12.0
449,Washington,1981,99.0,78.0,8.0
474,Washington,1982,97.0,42.0,15.0
499,Washington,1983,100.0,31.0,18.0
524,Washington,1984,98.0,42.0,24.0
549,Washington,1985,96.0,33.0,27.0
574,Washington,1986,96.0,15.0,30.0
599,Washington,1987,98.0,26.0,37.0
624,Washington,1988,100.0,32.0,26.0
649,Washington,1989,98.0,,41.0
674,Washington,1990,98.0,,33.0
699,Washington,1991,98.0,21.0,28.0
724,Washington,1992,97.0,17.0,40.0
749,Washington,1993,98.0,23.0,38.0
774,Washington,1994,99.0,19.0,29.0
799,Washington,1995,96.0,29.0,30.0
824,Washington,1996,100.0,22.97872340425532,25.0
849,Washington,1997,98.0,29.45736434108527,34.0
874,Washington,1998,100.0,17.272727272727273,30.0
899,Washington,1999,,,
924,Washington,2000,100.0,11.711711711711711,30.0
949,Washington,2001,,,
974,Washington,2002,99.0,18.181818181818183,39.0
999,Washington,2003,,,
1024,Washington,2004,98.0,31.0,34.0
1049,Washington,2005,,,
1074,Washington,2006,99.0,23.0,41.0
1099,Washington,2007,,,
1124,Washington,2008,,,
1149,Washington,2009,100.0,25.0,36.0
1174,Washington,2010,,,
1199,Washington,2011,,,
1224,Washington,2012,97.0,20.0,45.0
1249,Washington,2013,,,
1274,Washington,2014,,,
1299,Washington,2015,99.0,9.0,59.0
1324,Washington,2016,,,
1349,Washington,2017,97.0,8.0,59.0
